{"T_1":{"0":32.5476647185,"1":32.5791714001,"2":32.8702321241,"3":32.6595756094,"4":32.7675296064,"5":32.7781046957,"6":32.6115284585,"7":32.5509450731,"8":32.6770799708,"9":32.564551714,"10":32.5488206137,"11":32.7133093958,"12":32.7123282254,"13":32.740977502,"14":32.8021083664,"15":32.7600424856,"16":32.6297872184,"17":32.6415132511,"18":32.5840098107,"19":32.5632127734,"20":32.6046148165,"21":32.7379659773,"22":32.6860555165,"23":32.8365730624},"T_2":{"0":32.6399631569,"1":32.6712915551,"2":32.9439202398,"3":32.748939093,"4":32.8510151532,"5":32.8613174748,"6":32.6975338296,"7":32.6439861484,"8":32.7629443398,"9":32.6531827669,"10":32.6415686143,"11":32.8007939615,"12":32.7964425684,"13":32.8241919082,"14":32.8850275039,"15":32.8436166122,"16":32.7208415834,"17":32.7263289674,"18":32.6728658768,"19":32.656015697,"20":32.6942480796,"21":32.8220878497,"22":32.7750657986,"23":32.9127507399},"T_3":{"0":33.3211974543,"1":33.3387839625,"2":33.5057118697,"3":33.3979379112,"4":33.5852407255,"5":33.4874618973,"6":33.4015414001,"7":33.3233837445,"8":33.4798429682,"9":33.3455477066,"10":33.3325594906,"11":33.4424675989,"12":33.5172291933,"13":33.5461188272,"14":33.6105230376,"15":33.4788375615,"16":33.3745843014,"17":33.4431343801,"18":33.3737440513,"19":33.3258501159,"20":33.3509277773,"21":33.4625128355,"22":33.42150906,"23":33.4911950764},"T_4":{"0":34.1636983053,"1":34.17139987,"2":34.2602073852,"3":34.2153611491,"4":34.4298065671,"5":34.2706583903,"6":34.2632476018,"7":34.1405565055,"8":34.3259001263,"9":34.2190201258,"10":34.173039599,"11":34.2418113994,"12":34.3722956515,"13":34.4011573076,"14":34.4436279411,"15":34.2658567427,"16":34.1996320996,"17":34.3081372782,"18":34.2523717114,"19":34.1687721798,"20":34.190251601,"21":34.2581510089,"22":34.2312160315,"23":34.260520894},"ESP_current":{"0":51.9592528456,"1":50.778255104,"2":39.7588233673,"3":48.2188855354,"4":59.1900971584,"5":47.4510919479,"6":54.9907252275,"7":51.947759521,"8":56.5337688664,"9":53.5297891095,"10":53.5173081737,"11":47.7548194077,"12":56.9244184513,"13":56.9856626868,"14":57.417582072,"15":47.409414758,"16":48.9180154585,"17":56.5469658202,"18":55.0284025924,"19":50.7440467233,"20":49.0424544617,"21":47.7641646781,"22":48.1641471881,"23":39.7082576771},"ESP_power":{"0":20.3590966004,"1":19.5146659214,"2":11.9686344781,"3":17.7247472663,"4":25.5690334655,"5":17.1695904591,"6":22.6520748072,"7":20.3700687213,"8":23.6981405582,"9":21.4470352157,"10":21.4406632581,"11":17.4353433546,"12":24.0590501881,"13":24.0800191302,"14":24.283840499,"15":17.140380235,"16":18.2015143654,"17":23.6984737855,"18":22.6122988371,"19":19.4992805697,"20":18.2158919075,"21":17.4249889235,"22":17.7347115776,"23":11.9295981102},"ESP_torque":{"0":67.7715910067,"1":65.8805944823,"2":47.5367347484,"3":61.6188356559,"4":78.0391877173,"5":60.3845643227,"6":72.6803628333,"7":67.760205246,"8":75.0772163604,"9":70.2213128734,"10":70.2152770485,"11":60.985650182,"12":75.7301280077,"13":75.717535082,"14":75.6373409167,"15":60.3502972983,"16":62.8248757896,"17":75.1373276899,"18":72.7200346646,"19":65.8937086838,"20":62.8637245539,"21":60.9600802326,"22":61.5881901264,"23":47.4908350432},"P_1":{"0":2.856888588,"1":2.0539637125,"2":4.8197957126,"3":2.4853684951,"4":2.8077641132,"5":2.3647705656,"6":3.3390509976,"7":2.1748618096,"8":3.2740174223,"9":3.2028842669,"10":2.4347930463,"11":2.4227080481,"12":3.1446880608,"13":3.0703507122,"14":3.2054926084,"15":2.426261398,"16":2.2605504135,"17":2.7820482263,"18":2.7065499016,"19":2.5599061742,"20":2.6155685066,"21":2.3260821904,"22":2.3070279461,"23":4.7280835271},"P_2":{"0":3.1573441066,"1":2.3090528436,"2":4.6628765859,"3":2.6433891948,"4":3.3689886763,"5":2.4975498736,"6":3.760848174,"7":2.4729644029,"8":3.7566120301,"9":3.5614163938,"10":2.791502433,"11":2.5648813108,"12":3.6445872733,"13":3.5706051318,"14":3.7066414118,"15":2.5588582522,"16":2.4454992424,"17":3.2628250086,"18":3.1274930392,"19":2.8142656641,"20":2.8022497316,"21":2.4679207078,"22":2.4645496411,"23":4.5671083896},"P_3":{"0":3.3579241103,"1":2.4610813167,"2":4.3927232896,"3":2.6925705218,"4":3.8415491446,"5":2.5193270914,"6":4.0896043041,"7":2.6708345161,"8":4.1472301846,"9":3.8262492315,"10":3.0523231414,"11":2.598300108,"12":4.0535554906,"13":3.9793312773,"14":4.117328136,"15":2.5781367544,"16":2.5212196995,"17":3.6516191063,"18":3.4516879545,"19":2.9666483318,"20":2.8802786982,"21":2.502802157,"22":2.5146325438,"23":4.2937419202},"P_4":{"0":3.5706860704,"1":2.6234634174,"2":4.1318013822,"3":2.759577956,"4":4.3200177717,"5":2.5617798911,"6":4.4259234139,"7":2.8805990966,"8":4.5464369045,"9":4.1020135945,"10":3.3243899227,"11":2.6532070044,"12":4.4681269645,"13":4.3939183773,"14":4.5327993898,"15":2.6186555121,"16":2.6164455934,"17":4.0478802683,"18":3.7867490333,"19":3.1339846207,"20":2.975543984,"21":2.5579010729,"22":2.581708218,"23":4.029853222},"P_5":{"0":3.7702842416,"1":2.7742963335,"2":3.8697442694,"3":2.8131811748,"4":4.7755693405,"5":2.5892775314,"6":4.7542882163,"7":3.0779776865,"8":4.9286763586,"9":4.3673709094,"10":3.5854272677,"11":2.6943698164,"12":4.8666557692,"13":4.7934200125,"14":4.9317711184,"15":2.6465495179,"16":2.6965778581,"17":4.4269958063,"18":4.111382493,"19":3.2852584299,"20":3.0552530194,"21":2.5991247631,"22":2.6348849737,"23":3.765406964},"P_6":{"0":4.0282160156,"1":2.9818156038,"2":3.6409106915,"3":2.9209383694,"4":5.3205426821,"5":2.6654011754,"6":5.1444344191,"7":3.3319822966,"8":5.3962759819,"9":4.6860794087,"10":3.9015795272,"11":2.7836740686,"12":5.352067828,"13":5.2780997202,"14":5.4177647039,"15":2.7250805307,"16":2.8304147749,"17":4.8913930074,"18":4.4983627927,"19":3.492828708,"20":3.1915334275,"21":2.6888416767,"22":2.7392503271,"23":3.5331017861},"P_7":{"0":4.2705145037,"1":3.1785634483,"2":3.4145741836,"3":3.0157864798,"4":5.8216194256,"5":2.7318470799,"6":5.5063672327,"7":3.5716903913,"8":5.8165509632,"9":4.9881072052,"10":4.1996508056,"11":2.8624437113,"12":5.7897184931,"13":5.7161955814,"14":5.8557567986,"15":2.7903603953,"16":2.9557941697,"17":5.3089493501,"18":4.8569187133,"19":3.6924157127,"20":3.3183962997,"21":2.7678380664,"22":2.8358979784,"23":3.3040810014},"P_8":{"0":4.546042431,"1":3.4021038182,"2":3.1994064347,"3":3.1349125639,"4":6.3820147499,"5":2.8229254648,"6":5.9171612853,"7":3.8445766554,"8":6.2987424492,"9":5.3297961095,"10":4.5369222206,"11":2.9672410445,"12":6.2894882565,"13":6.2168471889,"14":6.3590342671,"15":2.8792956731,"16":3.1035226118,"17":5.7891883722,"18":5.2645087439,"19":3.9182742566,"20":3.4670568848,"21":2.8727897595,"22":2.9543413071,"23":3.087030857},"P_9":{"0":4.7904416089,"1":3.5962023455,"2":2.9691493856,"3":3.223320955,"4":6.9025745933,"5":2.8818266003,"6":6.2907464655,"7":4.086412472,"8":6.7362153147,"9":5.6349377118,"10":4.83922953,"11":3.0424585889,"12":6.7452256463,"13":6.6725447455,"14":6.8166159533,"15":2.9398053984,"16":3.2234108999,"17":6.2235811619,"18":5.63532842,"19":4.114789798,"20":3.5870833806,"21":2.9478154078,"22":3.041387666,"23":2.8541291612},"Watercut":{"0":0.1399575203,"1":0.1399893782,"2":0.1401346502,"3":0.1399639247,"4":0.1402715161,"5":0.1400147716,"6":0.1403271868,"7":0.1400013885,"8":0.1403386009,"9":0.140072794,"10":0.1399878906,"11":0.1399478618,"12":0.1402840897,"13":0.1402651391,"14":0.140323774,"15":0.139941791,"16":0.1399671242,"17":0.140168045,"18":0.1399792657,"19":0.1399513347,"20":0.1399344842,"21":0.1399410909,"22":0.1399439294,"23":0.1402692902},"Q_water_tank":{"0":0.0,"1":0.0,"2":0.0,"3":0.0,"4":0.0,"5":0.0,"6":0.0,"7":0.0,"8":0.0,"9":0.0,"10":0.0,"11":0.0,"12":0.0,"13":0.0,"14":0.0,"15":0.0,"16":0.0,"17":0.0,"18":0.0,"19":0.0,"20":0.0,"21":0.0,"22":0.0,"23":0.0},"Q_water":{"0":125.973446005,"1":120.732025645,"2":118.8819234515,"3":128.533141418,"4":114.751005512,"5":124.315545178,"6":123.8867454935,"7":130.5695407555,"8":126.7966492045,"9":124.7701178735,"10":121.747541091,"11":122.7632340385,"12":116.0769427455,"13":117.4776846155,"14":122.8241612235,"15":128.046468462,